subcategory_slug,canonical_zh,query_text,positive_count,topk_image_paths,topk_scores,topk_correct_flags
all_in_one_pc,一体机电脑,all in one pc,100,"['images/computers/all_in_one_pc/000081.jpg', 'images/computers/all_in_one_pc/000016.jpg', 'images/computers/all_in_one_pc/000084.jpg', 'images/computers/all_in_one_pc/000075.jpg', 'images/computers/all_in_one_pc/000044.png', 'images/computers/all_in_one_pc/000020.png', 'images/computers/all_in_one_pc/000024.png', 'images/computers/all_in_one_pc/000025.png', 'images/computers/all_in_one_pc/000090.jpg', 'images/computers/all_in_one_pc/000003.jpg']","[0.18152986466884613, 0.178493931889534, 0.17329806089401245, 0.17246520519256592, 0.17161825299263, 0.17161825299263, 0.17141835391521454, 0.17141835391521454, 0.17117264866828918, 0.17117264866828918]","[1, 1, 1, 1, 1, 1, 1, 1, 1, 1]"
ankle_boots,短靴,ankle boots,100,"['images/shoes/ankle_boots/000062.jpg', 'images/shoes/ankle_boots/000019.jpg', 'images/shoes/ankle_boots/000043.jpg', 'images/shoes/ankle_boots/000025.jpg', 'images/shoes/ankle_boots/000045.jpg', 'images/shoes/ankle_boots/000078.jpg', 'images/shoes/ankle_boots/000063.jpg', 'images/shoes/ankle_boots/000038.jpg', 'images/shoes/ankle_boots/000014.jpg', 'images/shoes/ankle_boots/000057.jpg']","[0.14375366270542145, 0.1414981335401535, 0.14075130224227905, 0.1399148404598236, 0.13944347202777863, 0.13862182199954987, 0.13817813992500305, 0.13817813992500305, 0.13795563578605652, 0.13795563578605652]","[1, 1, 1, 1, 1, 1, 1, 1, 1, 1]"
art_frame_tv,艺术边框电视,art frame tv,100,"['images/televisions/art_frame_tv/000006.jpg', 'images/televisions/art_frame_tv/000093.jpg', 'images/televisions/art_frame_tv/000067.jpg', 'images/televisions/art_frame_tv/000013.jpg', 'images/televisions/art_frame_tv/000081.jpg', 'images/televisions/art_frame_tv/000018.jpg', 'images/televisions/art_frame_tv/000026.jpg', 'images/televisions/art_frame_tv/000023.jpg', 'images/televisions/art_frame_tv/000039.jpg', 'images/televisions/art_frame_tv/000024.jpg']","[0.1912429928779602, 0.1912429928779602, 0.19092151522636414, 0.18598055839538574, 0.18598055839538574, 0.18598055839538574, 0.1850157380104065, 0.18343570828437805, 0.18343570828437805, 0.17893269658088684]","[1, 1, 1, 1, 1, 1, 1, 1, 1, 1]"
blazer_jacket,西装外套,blazer jacket,100,"['images/jackets/blazer_jacket/000022.jpg', 'images/jackets/blazer_jacket/000001.jpg', 'images/jackets/blazer_jacket/000017.jpg', 'images/jackets/blazer_jacket/000030.jpg', 'images/jackets/blazer_jacket/000084.jpeg', 'images/jackets/blazer_jacket/000075.jpeg', 'images/jackets/blazer_jacket/000055.jpg', 'images/jackets/blazer_jacket/000070.jpg', 'images/jackets/leather_jacket/000036.jpg', 'images/jackets/blazer_jacket/000007.jpg']","[0.15030229091644287, 0.15022890269756317, 0.14766989648342133, 0.14766989648342133, 0.1476140320301056, 0.1476140320301056, 0.14759881794452667, 0.14671923220157623, 0.14639347791671753, 0.1455531269311905]","[1, 1, 1, 1, 1, 1, 1, 1, 0, 1]"
blue_oxford_shirt,牛津纺衬衫,blue oxford shirt,100,"['images/shirts/blue_oxford_shirt/000025.jpg', 'images/shirts/blue_oxford_shirt/000015.jpg', 'images/shirts/blue_oxford_shirt/000027.jpg', 'images/shirts/blue_oxford_shirt/000068.jpg', 'images/shirts/blue_oxford_shirt/000020.jpg', 'images/shirts/blue_oxford_shirt/000059.jpg', 'images/shirts/blue_oxford_shirt/000094.jpg', 'images/shirts/blue_oxford_shirt/000033.jpg', 'images/shirts/blue_oxford_shirt/000022.jpg', 'images/shirts/blue_oxford_shirt/000084.jpg']","[0.17342603206634521, 0.17300570011138916, 0.1717272400856018, 0.171198308467865, 0.17057403922080994, 0.16857260465621948, 0.16857260465621948, 0.16857260465621948, 0.16857260465621948, 0.16850602626800537]","[1, 1, 1, 1, 1, 1, 1, 1, 1, 1]"
bomber_jacket,飞行员夹克,bomber jacket,100,"['images/jackets/bomber_jacket/000039.jpg', 'images/jackets/bomber_jacket/000018.jpg', 'images/jackets/bomber_jacket/000010.jpg', 'images/jackets/bomber_jacket/000036.jpg', 'images/jackets/bomber_jacket/000069.jpg', 'images/jackets/bomber_jacket/000027.png', 'images/jackets/bomber_jacket/000002.png', 'images/jackets/bomber_jacket/000035.jpg', 'images/jackets/bomber_jacket/000012.jpg', 'images/jackets/bomber_jacket/000051.jpg']","[0.1626519411802292, 0.1626519411802292, 0.1619151085615158, 0.1619151085615158, 0.15789847075939178, 0.15594279766082764, 0.15594279766082764, 0.1556902378797531, 0.1556902378797531, 0.15319594740867615]","[1, 1, 1, 1, 1, 1, 1, 1, 1, 1]"
bucket_bag,水桶包,bucket bag,100,"['images/bags/leather_tote_bag/000036.jpg', 'images/bags/bucket_bag/000088.jpg', 'images/bags/bucket_bag/000049.jpg', 'images/bags/bucket_bag/000064.jpg', 'images/bags/bucket_bag/000073.jpg', 'images/bags/bucket_bag/000057.jpg', 'images/bags/bucket_bag/000018.jpg', 'images/bags/bucket_bag/000048.jpg', 'images/bags/bucket_bag/000091.jpg', 'images/bags/bucket_bag/000021.jpg']","[0.16242721676826477, 0.14233523607254028, 0.14082850515842438, 0.14082850515842438, 0.13771343231201172, 0.13771343231201172, 0.13771343231201172, 0.13771343231201172, 0.13771343231201172, 0.13340343534946442]","[0, 1, 1, 1, 1, 1, 1, 1, 1, 1]"
business_laptop,商务笔记本电脑,business laptop,100,"['images/computers/business_laptop/000088.jpg', 'images/computers/business_laptop/000079.png', 'images/computers/business_laptop/000086.jpeg', 'images/computers/business_laptop/000028.jpg', 'images/computers/ultrabook/000028.jpg', 'images/computers/ultrabook/000095.jpg', 'images/computers/business_laptop/000032.png', 'images/computers/business_laptop/000099.png', 'images/computers/business_laptop/000013.jpg', 'images/computers/business_laptop/000069.jpg']","[0.15735763311386108, 0.153395876288414, 0.1511911153793335, 0.15042486786842346, 0.15041209757328033, 0.15041209757328033, 0.14957691729068756, 0.14957691729068756, 0.1493195742368698, 0.14733968675136566]","[1, 1, 1, 1, 0, 0, 1, 1, 1, 1]"
canvas_shoes,帆布鞋,canvas shoes,100,"['images/shoes/canvas_shoes/000017.jpg', 'images/shoes/canvas_shoes/000053.png', 'images/shoes/canvas_shoes/000083.jpg', 'images/shoes/canvas_shoes/000004.png', 'images/shoes/canvas_shoes/000038.png', 'images/shoes/canvas_shoes/000070.png', 'images/shoes/canvas_shoes/000095.jpg', 'images/shoes/canvas_shoes/000036.jpg', 'images/shoes/canvas_shoes/000005.jpg', 'images/shoes/canvas_shoes/000028.jpg']","[0.15644654631614685, 0.15642666816711426, 0.1557697057723999, 0.1552237570285797, 0.1552237570285797, 0.1545727401971817, 0.1531958431005478, 0.15173760056495667, 0.15173760056495667, 0.15099367499351501]","[1, 1, 1, 1, 1, 1, 1, 1, 1, 1]"
canvas_tote_bag,帆布手提袋,canvas tote bag,100,"['images/bags/canvas_tote_bag/000033.jpg', 'images/bags/canvas_tote_bag/000039.jpg', 'images/bags/canvas_tote_bag/000010.jpg', 'images/bags/canvas_tote_bag/000019.jpg', 'images/bags/canvas_tote_bag/000046.jpg', 'images/bags/canvas_tote_bag/000067.jpg', 'images/bags/canvas_tote_bag/000011.jpeg', 'images/bags/canvas_tote_bag/000030.jpg', 'images/bags/canvas_tote_bag/000071.jpg', 'images/bags/canvas_tote_bag/000020.jpg']","[0.16006998717784882, 0.15920346975326538, 0.15498965978622437, 0.15498965978622437, 0.15498965978622437, 0.1542765200138092, 0.1540672779083252, 0.1527927666902542, 0.1527927666902542, 0.15201157331466675]","[1, 1, 1, 1, 1, 1, 1, 1, 1, 1]"
carnation_bouquet,康乃馨花束,carnation bouquet,100,"['images/flowers/carnation_bouquet/000074.jpg', 'images/flowers/carnation_bouquet/000081.jpg', 'images/flowers/carnation_bouquet/000082.jpg', 'images/flowers/carnation_bouquet/000076.jpg', 'images/flowers/carnation_bouquet/000073.jpg', 'images/flowers/carnation_bouquet/000083.jpg', 'images/flowers/carnation_bouquet/000017.jpg', 'images/flowers/carnation_bouquet/000078.jpg', 'images/flowers/carnation_bouquet/000020.jpg', 'images/flowers/carnation_bouquet/000038.jpg']","[0.18364779651165009, 0.1830972135066986, 0.18257096409797668, 0.18204577267169952, 0.1803276240825653, 0.18030309677124023, 0.17949539422988892, 0.17930790781974792, 0.17724840342998505, 0.17724840342998505]","[1, 1, 1, 1, 1, 1, 1, 1, 1, 1]"
compact_microwave,台式微波炉,compact microwave,100,"['images/microwave_ovens/retro_microwave/000077.jpg', 'images/microwave_ovens/retro_microwave/000045.jpg', 'images/microwave_ovens/compact_microwave/000050.jpg', 'images/microwave_ovens/compact_microwave/000028.jpg', 'images/microwave_ovens/solo_microwave/000096.png', 'images/microwave_ovens/compact_microwave/000065.jpg', 'images/microwave_ovens/compact_microwave/000066.jpg', 'images/microwave_ovens/compact_microwave/000037.jpg', 'images/microwave_ovens/solo_microwave/000073.png', 'images/microwave_ovens/solo_microwave/000094.png']","[0.16582466661930084, 0.16582466661930084, 0.16490834951400757, 0.16490834951400757, 0.16391338407993317, 0.1632698029279709, 0.1632698029279709, 0.1629277616739273, 0.16276952624320984, 0.16235730051994324]","[0, 0, 1, 1, 0, 1, 1, 1, 0, 0]"
convection_microwave,蒸烤一体机,convection microwave,100,"['images/microwave_ovens/grill_microwave/000022.jpg', 'images/microwave_ovens/grill_microwave/000024.jpg', 'images/microwave_ovens/grill_microwave/000067.jpg', 'images/microwave_ovens/convection_microwave/000004.jpg', 'images/microwave_ovens/convection_microwave/000019.png', 'images/microwave_ovens/convection_microwave/000029.png', 'images/microwave_ovens/solo_microwave/000001.jpg', 'images/microwave_ovens/solo_microwave/000062.png', 'images/microwave_ovens/solo_microwave/000026.png', 'images/microwave_ovens/solo_microwave/000058.png']","[0.1625443547964096, 0.16249248385429382, 0.16071413457393646, 0.15929074585437775, 0.1591295450925827, 0.15851092338562012, 0.15823644399642944, 0.15801763534545898, 0.15801763534545898, 0.1577184796333313]","[0, 0, 0, 1, 1, 1, 0, 0, 0, 0]"
denim_jacket,牛仔夹克,denim jacket,100,"['images/jackets/denim_jacket/000010.jpg', 'images/jackets/denim_jacket/000060.jpg', 'images/jackets/denim_jacket/000094.png', 'images/jackets/denim_jacket/000032.jpg', 'images/jackets/denim_jacket/000100.jpg', 'images/jackets/denim_jacket/000095.jpg', 'images/jackets/denim_jacket/000055.jpg', 'images/jackets/denim_jacket/000004.jpg', 'images/jackets/denim_jacket/000080.jpg', 'images/jackets/denim_jacket/000009.jpg']","[0.16050881147384644, 0.16050881147384644, 0.15865465998649597, 0.15760093927383423, 0.15603826940059662, 0.15379858016967773, 0.15313906967639923, 0.15313906967639923, 0.15206541121006012, 0.15164977312088013]","[1, 1, 1, 1, 1, 1, 1, 1, 1, 1]"
denim_shirt,牛仔衬衫,denim shirt,100,"['images/shirts/denim_shirt/000034.jpg', 'images/shirts/denim_shirt/000039.jpg', 'images/shirts/denim_shirt/000011.png', 'images/shirts/denim_shirt/000059.jpeg', 'images/shirts/denim_shirt/000026.jpeg', 'images/shirts/denim_shirt/000012.jpeg', 'images/shirts/denim_shirt/000038.jpg', 'images/shirts/denim_shirt/000073.jpg', 'images/shirts/denim_shirt/000089.jpg', 'images/shirts/denim_shirt/000098.jpg']","[0.1729014664888382, 0.1729014664888382, 0.16751977801322937, 0.16380901634693146, 0.16377860307693481, 0.16375067830085754, 0.1635311096906662, 0.1612955778837204, 0.1612955778837204, 0.16115343570709229]","[1, 1, 1, 1, 1, 1, 1, 1, 1, 1]"
facial_cleanser,洁面,facial cleanser,100,"['images/skincare/facial_cleanser/000080.jpg', 'images/skincare/facial_cleanser/000035.jpg', 'images/skincare/facial_cleanser/000089.jpg', 'images/skincare/facial_cleanser/000034.jpeg', 'images/skincare/facial_cleanser/000009.jpeg', 'images/skincare/facial_cleanser/000092.jpg', 'images/skincare/facial_cleanser/000071.jpg', 'images/skincare/facial_cleanser/000056.png', 'images/skincare/facial_cleanser/000083.png', 'images/skincare/facial_cleanser/000030.jpg']","[0.1529533416032791, 0.15292149782180786, 0.14930909872055054, 0.14642433822155, 0.14642433822155, 0.14556987583637238, 0.14328265190124512, 0.14186468720436096, 0.13993488252162933, 0.13941015303134918]","[1, 1, 1, 1, 1, 1, 1, 1, 1, 1]"
floor_standing_ac,立式空调,floor standing ac,100,"['images/air_conditioners/floor_standing_ac/000013.jpg', 'images/air_conditioners/floor_standing_ac/000045.jpg', 'images/air_conditioners/floor_standing_ac/000088.jpg', 'images/air_conditioners/floor_standing_ac/000073.jpg', 'images/air_conditioners/floor_standing_ac/000078.jpg', 'images/air_conditioners/floor_standing_ac/000016.jpg', 'images/air_conditioners/floor_standing_ac/000082.jpg', 'images/air_conditioners/floor_standing_ac/000089.jpg', 'images/air_conditioners/floor_standing_ac/000002.jpg', 'images/air_conditioners/floor_standing_ac/000051.jpg']","[0.1899891197681427, 0.1899891197681427, 0.18959751725196838, 0.18959751725196838, 0.1865304559469223, 0.18520179390907288, 0.18520179390907288, 0.1840974986553192, 0.1840974986553192, 0.1840974986553192]","[1, 1, 1, 1, 1, 1, 1, 1, 1, 1]"
gaming_laptop,游戏本,gaming laptop,100,"['images/computers/gaming_laptop/000027.jpg', 'images/computers/gaming_laptop/000084.jpg', 'images/computers/gaming_laptop/000029.jpg', 'images/computers/gaming_laptop/000025.jpg', 'images/computers/gaming_laptop/000068.jpg', 'images/computers/gaming_laptop/000061.jpg', 'images/computers/gaming_laptop/000099.png', 'images/computers/gaming_laptop/000081.png', 'images/computers/gaming_laptop/000100.png', 'images/computers/gaming_laptop/000073.jpg']","[0.1756673902273178, 0.1685207337141037, 0.16746464371681213, 0.1616947501897812, 0.16053059697151184, 0.1601540446281433, 0.15962761640548706, 0.15962761640548706, 0.15923869609832764, 0.15906260907649994]","[1, 1, 1, 1, 1, 1, 1, 1, 1, 1]"
gaming_tv,游戏电视,gaming tv,100,"['images/televisions/gaming_tv/000032.jpg', 'images/televisions/gaming_tv/000008.jpg', 'images/televisions/gaming_tv/000006.jpg', 'images/televisions/gaming_tv/000044.jpg', 'images/televisions/gaming_tv/000011.jpg', 'images/televisions/gaming_tv/000028.png', 'images/televisions/gaming_tv/000017.jpg', 'images/televisions/gaming_tv/000077.jpg', 'images/televisions/gaming_tv/000021.jpg', 'images/televisions/gaming_tv/000037.jpg']","[0.18205152451992035, 0.16978396475315094, 0.1691569983959198, 0.1676141321659088, 0.167589470744133, 0.16644395887851715, 0.16521216928958893, 0.16521216928958893, 0.16521216928958893, 0.16364939510822296]","[1, 1, 1, 1, 1, 1, 1, 1, 1, 1]"
grill_microwave,烧烤微波炉,grill microwave,100,"['images/microwave_ovens/grill_microwave/000058.jpg', 'images/microwave_ovens/grill_microwave/000044.jpg', 'images/microwave_ovens/grill_microwave/000014.jpg', 'images/microwave_ovens/grill_microwave/000035.jpg', 'images/microwave_ovens/grill_microwave/000067.jpg', 'images/microwave_ovens/compact_microwave/000037.jpg', 'images/microwave_ovens/solo_microwave/000056.jpg', 'images/microwave_ovens/solo_microwave/000018.png', 'images/microwave_ovens/solo_microwave/000091.jpg', 'images/microwave_ovens/grill_microwave/000078.jpg']","[0.16837574541568756, 0.16837574541568756, 0.16773967444896698, 0.16761690378189087, 0.16468162834644318, 0.16346623003482819, 0.16342945396900177, 0.16282962262630463, 0.16264356672763824, 0.16264356672763824]","[1, 1, 1, 1, 1, 0, 0, 0, 0, 1]"
hawaiian_floral_shirt,夏威夷花衬衫,hawaiian floral shirt,100,"['images/shirts/hawaiian_floral_shirt/000072.jpg', 'images/shirts/hawaiian_floral_shirt/000005.jpg', 'images/shirts/hawaiian_floral_shirt/000040.jpg', 'images/shirts/hawaiian_floral_shirt/000088.jpeg', 'images/shirts/hawaiian_floral_shirt/000058.jpg', 'images/shirts/hawaiian_floral_shirt/000094.jpeg', 'images/shirts/hawaiian_floral_shirt/000035.jpg', 'images/shirts/hawaiian_floral_shirt/000048.jpeg', 'images/shirts/hawaiian_floral_shirt/000100.jpeg', 'images/shirts/hawaiian_floral_shirt/000018.jpeg']","[0.17931921780109406, 0.17931921780109406, 0.17931921780109406, 0.1751863807439804, 0.17142140865325928, 0.1710592359304428, 0.17042957246303558, 0.17037333548069, 0.17037333548069, 0.17026683688163757]","[1, 1, 1, 1, 1, 1, 1, 1, 1, 1]"
hydrating_toner,爽肤水,hydrating toner,100,"['images/skincare/hydrating_toner/000062.jpg', 'images/skincare/hydrating_toner/000097.jpg', 'images/skincare/hydrating_toner/000019.jpg', 'images/skincare/hydrating_toner/000005.png', 'images/skincare/hydrating_toner/000047.png', 'images/skincare/hydrating_toner/000061.jpg', 'images/skincare/hydrating_toner/000038.jpg', 'images/skincare/hydrating_toner/000002.jpeg', 'images/skincare/hydrating_toner/000036.jpg', 'images/skincare/hydrating_toner/000068.jpg']","[0.17627523839473724, 0.17627523839473724, 0.17627523839473724, 0.16705167293548584, 0.16610808670520782, 0.1634664088487625, 0.1633884161710739, 0.1628737449645996, 0.16279751062393188, 0.1615675985813141]","[1, 1, 1, 1, 1, 1, 1, 1, 1, 1]"
inverter_ac,变频空调,inverter ac,100,"['images/air_conditioners/inverter_ac/000073.jpg', 'images/air_conditioners/inverter_ac/000025.jpg', 'images/air_conditioners/inverter_ac/000008.jpg', 'images/air_conditioners/inverter_ac/000024.jpg', 'images/air_conditioners/inverter_ac/000095.png', 'images/air_conditioners/inverter_ac/000039.jpg', 'images/air_conditioners/inverter_ac/000090.jpg', 'images/air_conditioners/inverter_ac/000035.jpg', 'images/air_conditioners/inverter_ac/000028.jpg', 'images/air_conditioners/inverter_ac/000067.png']","[0.17718107998371124, 0.1729997992515564, 0.17236000299453735, 0.16929715871810913, 0.16891783475875854, 0.16779188811779022, 0.16697368025779724, 0.16697368025779724, 0.16675487160682678, 0.16643638908863068]","[1, 1, 1, 1, 1, 1, 1, 1, 1, 1]"
leather_jacket,皮夹克,leather jacket,100,"['images/jackets/leather_jacket/000093.jpg', 'images/jackets/leather_jacket/000030.jpeg', 'images/jackets/leather_jacket/000027.png', 'images/jackets/bomber_jacket/000063.jpg', 'images/jackets/bomber_jacket/000094.jpg', 'images/jackets/leather_jacket/000088.jpg', 'images/jackets/leather_jacket/000066.jpg', 'images/jackets/leather_jacket/000029.jpg', 'images/jackets/leather_jacket/000085.jpg', 'images/jackets/leather_jacket/000023.jpg']","[0.15825407207012177, 0.15707160532474518, 0.1560833603143692, 0.15377788245677948, 0.15377788245677948, 0.1518678069114685, 0.15150660276412964, 0.1504231095314026, 0.14685386419296265, 0.14659768342971802]","[1, 1, 1, 0, 0, 1, 1, 1, 1, 1]"
leather_loafers,乐福鞋,leather loafers,100,"['images/shoes/leather_loafers/000089.png', 'images/shoes/leather_loafers/000022.jpg', 'images/shoes/leather_loafers/000037.jpg', 'images/shoes/leather_loafers/000004.jpg', 'images/shoes/leather_loafers/000099.jpg', 'images/shoes/leather_loafers/000053.jpg', 'images/shoes/leather_loafers/000057.jpg', 'images/shoes/leather_loafers/000013.jpg', 'images/shoes/leather_loafers/000100.jpg', 'images/shoes/leather_loafers/000093.jpg']","[0.16599243879318237, 0.1613202691078186, 0.15981557965278625, 0.15880641341209412, 0.15867401659488678, 0.15740691125392914, 0.15715071558952332, 0.1566629260778427, 0.15423646569252014, 0.15319597721099854]","[1, 1, 1, 1, 1, 1, 1, 1, 1, 1]"
leather_tote_bag,手提包,leather tote bag,100,"['images/bags/leather_tote_bag/000025.jpg', 'images/bags/leather_tote_bag/000030.jpg', 'images/bags/leather_tote_bag/000008.jpg', 'images/bags/leather_tote_bag/000054.jpg', 'images/bags/leather_tote_bag/000096.jpg', 'images/bags/leather_tote_bag/000022.png', 'images/bags/leather_tote_bag/000073.jpg', 'images/bags/leather_tote_bag/000023.jpg', 'images/bags/leather_tote_bag/000058.jpg', 'images/bags/leather_tote_bag/000003.jpg']","[0.15453244745731354, 0.15358611941337585, 0.1535620391368866, 0.1535620391368866, 0.1535397469997406, 0.15351924300193787, 0.15328778326511383, 0.15299126505851746, 0.15299126505851746, 0.1524820625782013]","[1, 1, 1, 1, 1, 1, 1, 1, 1, 1]"
lily_bouquet,百合花束,lily bouquet,100,"['images/flowers/lily_bouquet/000086.jpg', 'images/flowers/lily_bouquet/000080.jpg', 'images/flowers/lily_bouquet/000041.jpg', 'images/flowers/lily_bouquet/000058.jpg', 'images/flowers/lily_bouquet/000044.jpeg', 'images/flowers/lily_bouquet/000096.jpg', 'images/flowers/lily_bouquet/000012.jpg', 'images/flowers/lily_bouquet/000071.jpg', 'images/flowers/lily_bouquet/000094.jpg', 'images/flowers/lily_bouquet/000081.jpg']","[0.1763308197259903, 0.1763005405664444, 0.1763005405664444, 0.17324554920196533, 0.17291191220283508, 0.17140161991119385, 0.17140161991119385, 0.1713171899318695, 0.1708567887544632, 0.17081165313720703]","[1, 1, 1, 1, 1, 1, 1, 1, 1, 1]"
mini_crossbody_bag,迷你斜挎包,mini crossbody bag,100,"['images/bags/mini_crossbody_bag/000056.jpg', 'images/bags/mini_crossbody_bag/000029.jpg', 'images/bags/mini_crossbody_bag/000058.jpg', 'images/bags/mini_crossbody_bag/000024.jpg', 'images/bags/mini_crossbody_bag/000074.jpg', 'images/bags/mini_crossbody_bag/000051.jpg', 'images/bags/mini_crossbody_bag/000031.jpg', 'images/bags/mini_crossbody_bag/000070.jpg', 'images/bags/mini_crossbody_bag/000011.jpg', 'images/bags/mini_crossbody_bag/000066.png']","[0.1458546370267868, 0.14140450954437256, 0.14140450954437256, 0.14035391807556152, 0.14035391807556152, 0.13900545239448547, 0.13890039920806885, 0.1380040943622589, 0.13772718608379364, 0.13704539835453033]","[1, 1, 1, 1, 1, 1, 1, 1, 1, 1]"
mini_led_tv,Mini LED电视,mini led tv,100,"['images/televisions/mini_led_tv/000083.png', 'images/televisions/mini_led_tv/000099.jpg', 'images/televisions/mini_led_tv/000049.png', 'images/televisions/mini_led_tv/000008.png', 'images/televisions/mini_led_tv/000072.jpg', 'images/televisions/mini_led_tv/000076.png', 'images/televisions/mini_led_tv/000090.png', 'images/televisions/mini_led_tv/000070.jpg', 'images/televisions/mini_led_tv/000017.jpg', 'images/televisions/mini_led_tv/000066.jpg']","[0.17258942127227783, 0.16843965649604797, 0.16518759727478027, 0.16518759727478027, 0.16495142877101898, 0.16401439905166626, 0.16401439905166626, 0.1626698523759842, 0.16230961680412292, 0.16230961680412292]","[1, 1, 1, 1, 1, 1, 1, 1, 1, 1]"
mini_pc,迷你电脑,mini pc,100,"['images/computers/mini_pc/000057.jpg', 'images/computers/mini_pc/000073.jpg', 'images/computers/mini_pc/000006.jpg', 'images/computers/mini_pc/000028.jpg', 'images/computers/mini_pc/000049.jpg', 'images/computers/mini_pc/000075.jpg', 'images/computers/mini_pc/000052.jpg', 'images/computers/mini_pc/000035.jpg', 'images/computers/mini_pc/000071.jpg', 'images/computers/mini_pc/000090.jpg']","[0.1799658238887787, 0.1799658238887787, 0.1799658238887787, 0.17967385053634644, 0.17967385053634644, 0.17967385053634644, 0.1755642294883728, 0.17530208826065063, 0.17530208826065063, 0.17517617344856262]","[1, 1, 1, 1, 1, 1, 1, 1, 1, 1]"
moisturizing_cream,保湿霜,moisturizing cream,100,"['images/skincare/moisturizing_cream/000077.jpg', 'images/skincare/moisturizing_cream/000010.jpg', 'images/skincare/moisturizing_cream/000056.jpg', 'images/skincare/moisturizing_cream/000018.png', 'images/skincare/moisturizing_cream/000030.png', 'images/skincare/moisturizing_cream/000043.jpg', 'images/skincare/moisturizing_cream/000051.jpg', 'images/skincare/moisturizing_cream/000074.jpg', 'images/skincare/moisturizing_cream/000047.jpg', 'images/skincare/moisturizing_cream/000090.jpg']","[0.14864957332611084, 0.14864957332611084, 0.14864957332611084, 0.14785100519657135, 0.14785100519657135, 0.14548760652542114, 0.14269226789474487, 0.14269226789474487, 0.14198513329029083, 0.14136481285095215]","[1, 1, 1, 1, 1, 1, 1, 1, 1, 1]"
nylon_backpack,尼龙双肩包,nylon backpack,100,"['images/bags/nylon_backpack/000058.jpg', 'images/bags/nylon_backpack/000057.jpg', 'images/bags/nylon_backpack/000014.jpg', 'images/bags/nylon_backpack/000054.jpg', 'images/bags/nylon_backpack/000013.jpg', 'images/bags/nylon_backpack/000070.jpg', 'images/bags/nylon_backpack/000029.jpg', 'images/bags/nylon_backpack/000068.jpg', 'images/bags/nylon_backpack/000100.jpg', 'images/bags/nylon_backpack/000027.jpg']","[0.16106662154197693, 0.1604771614074707, 0.1593310534954071, 0.1593310534954071, 0.15874186158180237, 0.15872012078762054, 0.15814270079135895, 0.15814270079135895, 0.15650948882102966, 0.15617302060127258]","[1, 1, 1, 1, 1, 1, 1, 1, 1, 1]"
oled_tv,OLED电视,oled tv,100,"['images/televisions/oled_tv/000018.jpg', 'images/televisions/oled_tv/000031.jpg', 'images/televisions/oled_tv/000058.jpg', 'images/televisions/oled_tv/000019.jpg', 'images/televisions/oled_tv/000003.jpg', 'images/televisions/qled_tv/000055.jpg', 'images/televisions/qled_tv/000061.jpg', 'images/televisions/qled_tv/000030.jpg', 'images/televisions/oled_tv/000084.jpg', 'images/televisions/oled_tv/000002.jpg']","[0.18189147114753723, 0.18189147114753723, 0.18036267161369324, 0.1795159876346588, 0.17594175040721893, 0.17322248220443726, 0.17322248220443726, 0.17322248220443726, 0.17315049469470978, 0.1717711240053177]","[1, 1, 1, 1, 1, 0, 0, 0, 1, 1]"
plaid_flannel_shirt,格子法兰绒衬衫,plaid flannel shirt,100,"['images/shirts/plaid_flannel_shirt/000047.png', 'images/shirts/plaid_flannel_shirt/000056.png', 'images/shirts/plaid_flannel_shirt/000048.jpg', 'images/shirts/plaid_flannel_shirt/000004.jpeg', 'images/shirts/plaid_flannel_shirt/000089.jpg', 'images/shirts/plaid_flannel_shirt/000066.jpg', 'images/shirts/plaid_flannel_shirt/000035.jpg', 'images/shirts/plaid_flannel_shirt/000071.jpg', 'images/shirts/plaid_flannel_shirt/000008.jpg', 'images/shirts/plaid_flannel_shirt/000019.jpg']","[0.15729409456253052, 0.15729409456253052, 0.15595141053199768, 0.1546524167060852, 0.15301558375358582, 0.15202099084854126, 0.15145552158355713, 0.15134021639823914, 0.15070326626300812, 0.15070326626300812]","[1, 1, 1, 1, 1, 1, 1, 1, 1, 1]"
portable_air_conditioner,移动空调,portable air conditioner,100,"['images/air_conditioners/portable_air_conditioner/000080.jpeg', 'images/air_conditioners/portable_air_conditioner/000054.jpeg', 'images/air_conditioners/portable_air_conditioner/000033.jpg', 'images/air_conditioners/portable_air_conditioner/000028.jpg', 'images/air_conditioners/portable_air_conditioner/000020.jpg', 'images/air_conditioners/portable_air_conditioner/000013.jpeg', 'images/air_conditioners/portable_air_conditioner/000016.jpg', 'images/air_conditioners/portable_air_conditioner/000100.jpg', 'images/air_conditioners/portable_air_conditioner/000047.jpg', 'images/air_conditioners/portable_air_conditioner/000086.jpg']","[0.18453991413116455, 0.18453991413116455, 0.1836034059524536, 0.18354055285453796, 0.1824142187833786, 0.1820770800113678, 0.18053670227527618, 0.18053670227527618, 0.18031522631645203, 0.18031522631645203]","[1, 1, 1, 1, 1, 1, 1, 1, 1, 1]"
puffer_jacket,羽绒服,puffer jacket,100,"['images/jackets/puffer_jacket/000039.jpg', 'images/jackets/puffer_jacket/000040.jpg', 'images/jackets/puffer_jacket/000006.jpg', 'images/jackets/puffer_jacket/000016.jpg', 'images/jackets/puffer_jacket/000020.jpg', 'images/jackets/puffer_jacket/000052.png', 'images/jackets/puffer_jacket/000038.jpg', 'images/jackets/puffer_jacket/000061.jpg', 'images/jackets/puffer_jacket/000022.jpg', 'images/jackets/puffer_jacket/000010.jpg']","[0.17092683911323547, 0.1679375022649765, 0.15835440158843994, 0.15835440158843994, 0.15442487597465515, 0.15424296259880066, 0.1532968133687973, 0.15256839990615845, 0.15170985460281372, 0.1514526903629303]","[1, 1, 1, 1, 1, 1, 1, 1, 1, 1]"
qled_tv,QLED电视,qled tv,100,"['images/televisions/qled_tv/000073.jpg', 'images/televisions/qled_tv/000011.png', 'images/televisions/qled_tv/000007.jpg', 'images/televisions/qled_tv/000088.jpg', 'images/televisions/qled_tv/000002.jpg', 'images/televisions/qled_tv/000048.jpg', 'images/televisions/qled_tv/000022.jpg', 'images/televisions/qled_tv/000030.jpg', 'images/televisions/qled_tv/000055.jpg', 'images/televisions/qled_tv/000061.jpg']","[0.1797473430633545, 0.17615875601768494, 0.17485588788986206, 0.17307835817337036, 0.17307835817337036, 0.1722908765077591, 0.1722908765077591, 0.1720384806394577, 0.1720384806394577, 0.1720384806394577]","[1, 1, 1, 1, 1, 1, 1, 1, 1, 1]"
retro_microwave,复古微波炉,retro microwave,100,"['images/microwave_ovens/retro_microwave/000091.jpeg', 'images/microwave_ovens/retro_microwave/000067.jpg', 'images/microwave_ovens/retro_microwave/000007.jpeg', 'images/microwave_ovens/retro_microwave/000095.jpeg', 'images/microwave_ovens/retro_microwave/000065.jpeg', 'images/microwave_ovens/retro_microwave/000062.jpeg', 'images/microwave_ovens/retro_microwave/000036.jpg', 'images/microwave_ovens/retro_microwave/000015.jpg', 'images/microwave_ovens/retro_microwave/000057.jpg', 'images/microwave_ovens/retro_microwave/000097.jpg']","[0.19165000319480896, 0.19132933020591736, 0.19125127792358398, 0.19125127792358398, 0.19125127792358398, 0.19125127792358398, 0.19041594862937927, 0.18962323665618896, 0.1895960420370102, 0.1895960420370102]","[1, 1, 1, 1, 1, 1, 1, 1, 1, 1]"
rose_bouquet,玫瑰花束,rose bouquet,100,"['images/flowers/rose_bouquet/000029.jpg', 'images/flowers/rose_bouquet/000036.jpg', 'images/flowers/rose_bouquet/000018.jpg', 'images/flowers/rose_bouquet/000039.jpg', 'images/flowers/rose_bouquet/000084.jpg', 'images/flowers/rose_bouquet/000070.jpg', 'images/flowers/rose_bouquet/000065.jpg', 'images/flowers/rose_bouquet/000071.jpg', 'images/flowers/rose_bouquet/000059.jpg', 'images/flowers/rose_bouquet/000012.jpg']","[0.15118363499641418, 0.1511044204235077, 0.15064722299575806, 0.15064722299575806, 0.15064722299575806, 0.1504342406988144, 0.14883939921855927, 0.14883939921855927, 0.14868120849132538, 0.14861829578876495]","[1, 1, 1, 1, 1, 1, 1, 1, 1, 1]"
running_shoes,跑鞋,running shoes,100,"['images/shoes/running_shoes/000021.jpg', 'images/shoes/running_shoes/000007.jpg', 'images/shoes/running_shoes/000025.jpg', 'images/shoes/running_shoes/000029.jpg', 'images/shoes/running_shoes/000020.jpg', 'images/shoes/running_shoes/000004.jpg', 'images/shoes/running_shoes/000033.jpg', 'images/shoes/running_shoes/000072.jpg', 'images/shoes/running_shoes/000023.jpg', 'images/shoes/running_shoes/000088.jpg']","[0.15824338793754578, 0.15824338793754578, 0.15416358411312103, 0.15247008204460144, 0.15120437741279602, 0.1496058702468872, 0.14946888387203217, 0.14940059185028076, 0.14940059185028076, 0.14829061925411224]","[1, 1, 1, 1, 1, 1, 1, 1, 1, 1]"
solo_microwave,单门微波炉,solo microwave,100,"['images/microwave_ovens/solo_microwave/000027.jpeg', 'images/microwave_ovens/solo_microwave/000036.jpg', 'images/microwave_ovens/solo_microwave/000066.jpg', 'images/microwave_ovens/solo_microwave/000039.jpg', 'images/microwave_ovens/convection_microwave/000060.jpg', 'images/microwave_ovens/solo_microwave/000043.jpg', 'images/microwave_ovens/solo_microwave/000012.jpg', 'images/microwave_ovens/solo_microwave/000094.png', 'images/microwave_ovens/solo_microwave/000078.jpg', 'images/microwave_ovens/retro_microwave/000095.jpeg']","[0.1787048578262329, 0.17855021357536316, 0.17855021357536316, 0.16722695529460907, 0.16555458307266235, 0.16554012894630432, 0.1636313498020172, 0.16269078850746155, 0.16103097796440125, 0.16057761013507843]","[1, 1, 1, 1, 0, 1, 1, 1, 1, 0]"
sunflower_bouquet,向日葵花束,sunflower bouquet,100,"['images/flowers/sunflower_bouquet/000070.jpg', 'images/flowers/sunflower_bouquet/000057.jpg', 'images/flowers/sunflower_bouquet/000001.jpg', 'images/flowers/sunflower_bouquet/000092.jpg', 'images/flowers/sunflower_bouquet/000008.jpeg', 'images/flowers/sunflower_bouquet/000051.jpg', 'images/flowers/sunflower_bouquet/000081.jpg', 'images/flowers/sunflower_bouquet/000093.jpg', 'images/flowers/sunflower_bouquet/000029.jpeg', 'images/flowers/sunflower_bouquet/000072.jpeg']","[0.1823769360780716, 0.1757936328649521, 0.17562004923820496, 0.16937540471553802, 0.16882500052452087, 0.168256938457489, 0.16794641315937042, 0.1679067611694336, 0.16786423325538635, 0.16786423325538635]","[1, 1, 1, 1, 1, 1, 1, 1, 1, 1]"
sunscreen_lotion,防晒霜,sunscreen lotion,100,"['images/skincare/sunscreen_lotion/000047.jpg', 'images/skincare/sunscreen_lotion/000015.jpg', 'images/skincare/sunscreen_lotion/000013.jpg', 'images/skincare/sunscreen_lotion/000095.png', 'images/skincare/sunscreen_lotion/000008.jpg', 'images/skincare/sunscreen_lotion/000097.jpg', 'images/skincare/sunscreen_lotion/000052.jpg', 'images/skincare/sunscreen_lotion/000084.jpg', 'images/skincare/sunscreen_lotion/000053.jpg', 'images/skincare/sunscreen_lotion/000080.png']","[0.17316092550754547, 0.16172349452972412, 0.15855976939201355, 0.15681998431682587, 0.15439124405384064, 0.1532500982284546, 0.15313774347305298, 0.1526678502559662, 0.1526678502559662, 0.15257643163204193]","[1, 1, 1, 1, 1, 1, 1, 1, 1, 1]"
tulip_bouquet,郁金香花束,tulip bouquet,100,"['images/flowers/tulip_bouquet/000087.png', 'images/flowers/tulip_bouquet/000053.jpeg', 'images/flowers/tulip_bouquet/000011.jpg', 'images/flowers/tulip_bouquet/000052.jpg', 'images/flowers/tulip_bouquet/000068.jpg', 'images/flowers/tulip_bouquet/000022.jpg', 'images/flowers/tulip_bouquet/000065.jpg', 'images/flowers/tulip_bouquet/000094.jpg', 'images/flowers/tulip_bouquet/000081.png', 'images/flowers/tulip_bouquet/000049.jpg']","[0.17446956038475037, 0.17438319325447083, 0.17410488426685333, 0.17410488426685333, 0.17391863465309143, 0.17391863465309143, 0.1736992448568344, 0.17331095039844513, 0.17326003313064575, 0.1731138676404953]","[1, 1, 1, 1, 1, 1, 1, 1, 1, 1]"
ultrabook,超极本,ultrabook,100,"['images/computers/ultrabook/000035.jpg', 'images/computers/ultrabook/000077.jpg', 'images/computers/ultrabook/000033.jpg', 'images/computers/ultrabook/000007.jpg', 'images/computers/ultrabook/000072.jpg', 'images/computers/ultrabook/000046.jpg', 'images/computers/ultrabook/000025.jpg', 'images/computers/ultrabook/000024.jpg', 'images/computers/ultrabook/000005.jpg', 'images/computers/ultrabook/000094.jpg']","[0.1763731688261032, 0.1662096232175827, 0.16464722156524658, 0.15988770127296448, 0.15988770127296448, 0.15979738533496857, 0.15979738533496857, 0.15762320160865784, 0.15762320160865784, 0.15762320160865784]","[1, 1, 1, 1, 1, 1, 1, 1, 1, 1]"
vitamin_c_serum,维生素C精华,vitamin c serum,100,"['images/skincare/vitamin_c_serum/000068.jpg', 'images/skincare/vitamin_c_serum/000072.jpg', 'images/skincare/vitamin_c_serum/000061.png', 'images/skincare/vitamin_c_serum/000026.png', 'images/skincare/vitamin_c_serum/000027.jpg', 'images/skincare/vitamin_c_serum/000053.png', 'images/skincare/vitamin_c_serum/000059.jpg', 'images/skincare/vitamin_c_serum/000049.jpg', 'images/skincare/vitamin_c_serum/000058.jpg', 'images/skincare/vitamin_c_serum/000084.png']","[0.1671941876411438, 0.16501612961292267, 0.15980732440948486, 0.15980732440948486, 0.15572378039360046, 0.15238633751869202, 0.15208087861537933, 0.15184718370437622, 0.14982706308364868, 0.1473761945962906]","[1, 1, 1, 1, 1, 1, 1, 1, 1, 1]"
wall_split_ac,壁挂式空调,wall split ac,100,"['images/air_conditioners/wall_split_ac/000052.jpg', 'images/air_conditioners/wall_split_ac/000003.jpg', 'images/air_conditioners/wall_split_ac/000038.jpg', 'images/air_conditioners/wall_split_ac/000049.jpg', 'images/air_conditioners/wall_split_ac/000041.jpg', 'images/air_conditioners/wall_split_ac/000053.jpg', 'images/air_conditioners/wall_split_ac/000084.jpg', 'images/air_conditioners/wall_split_ac/000056.jpg', 'images/air_conditioners/wall_split_ac/000020.jpg', 'images/air_conditioners/wall_split_ac/000077.jpg']","[0.17928510904312134, 0.17928510904312134, 0.17902407050132751, 0.17734718322753906, 0.17590028047561646, 0.1734183132648468, 0.1734183132648468, 0.17058944702148438, 0.17052419483661652, 0.17052419483661652]","[1, 1, 1, 1, 1, 1, 1, 1, 1, 1]"
white_dress_shirt,白色正装衬衫,white dress shirt,100,"['images/shirts/white_dress_shirt/000092.png', 'images/shirts/white_dress_shirt/000070.png', 'images/shirts/white_dress_shirt/000099.jpg', 'images/shirts/white_dress_shirt/000006.jpg', 'images/shirts/white_dress_shirt/000089.jpg', 'images/shirts/white_dress_shirt/000058.jpg', 'images/shirts/white_dress_shirt/000053.jpg', 'images/shirts/white_dress_shirt/000074.jpg', 'images/shirts/white_dress_shirt/000098.jpg', 'images/shirts/white_dress_shirt/000029.jpg']","[0.16829314827919006, 0.16829314827919006, 0.16821160912513733, 0.1657601296901703, 0.16304898262023926, 0.16304898262023926, 0.16304898262023926, 0.1622130572795868, 0.16203461587429047, 0.1600644737482071]","[1, 1, 1, 1, 1, 1, 1, 1, 1, 1]"
white_sneakers,运动鞋,white sneakers,100,"['images/shoes/white_sneakers/000016.jpg', 'images/shoes/white_sneakers/000027.jpg', 'images/shoes/white_sneakers/000071.jpg', 'images/shoes/white_sneakers/000014.jpg', 'images/shoes/white_sneakers/000012.jpg', 'images/shoes/white_sneakers/000047.jpg', 'images/shoes/white_sneakers/000022.jpg', 'images/shoes/white_sneakers/000059.jpg', 'images/shoes/white_sneakers/000008.jpg', 'images/shoes/white_sneakers/000005.jpg']","[0.16476282477378845, 0.16096943616867065, 0.16044336557388306, 0.15928250551223755, 0.1566849797964096, 0.15656594932079315, 0.15361246466636658, 0.1535342037677765, 0.15350303053855896, 0.1529972106218338]","[1, 1, 1, 1, 1, 1, 1, 1, 1, 1]"
window_ac,窗式空调,window ac,100,"['images/air_conditioners/window_ac/000073.jpeg', 'images/air_conditioners/window_ac/000089.jpeg', 'images/air_conditioners/window_ac/000017.jpeg', 'images/air_conditioners/window_ac/000086.jpg', 'images/air_conditioners/window_ac/000069.jpg', 'images/air_conditioners/window_ac/000021.jpg', 'images/air_conditioners/window_ac/000091.jpeg', 'images/air_conditioners/window_ac/000068.jpeg', 'images/air_conditioners/window_ac/000039.jpg', 'images/air_conditioners/window_ac/000082.jpg']","[0.1909433752298355, 0.1909433752298355, 0.1909433752298355, 0.19009830057621002, 0.18796083331108093, 0.18796083331108093, 0.18684419989585876, 0.18684419989585876, 0.1839732825756073, 0.18295451998710632]","[1, 1, 1, 1, 1, 1, 1, 1, 1, 1]"
